"File","Line","Severity","Code","Pattern"
"auth_gate.dart","23","CRITICAL-SNAPSHOT","final user = snapshot.data!;","SnapshotDataAssertion"
"auth_gate.dart","48","CRITICAL-SNAPSHOT","if (profileSnapshot.hasData && profileSnapshot.data!.exists) {","SnapshotDataAssertion"
"auth_gate.dart","49","CRITICAL-SNAPSHOT","final profileData = profileSnapshot.data!.data() as Map<String, dynamic>?;","SnapshotDataAssertion"
"home_simple.dart","276","CRITICAL-SNAPSHOT","final userData = snapshot.data!.data() as Map<String, dynamic>?;","SnapshotDataAssertion"
"home_simple.dart","429","CRITICAL-SNAPSHOT","if (!snapshot.hasData || snapshot.data!.docs.isEmpty) {","SnapshotDataAssertion"
"home_simple.dart","461","CRITICAL-SNAPSHOT","final activityDoc = snapshot.data!.docs.first;","SnapshotDataAssertion"
"PHASE_11_STABILITY_USAGE_EXAMPLES.dart","30","CRITICAL-TEXT","builder: (user) => Text('Hello ${user.name}'),","UnsafeTextInterpolation"
"controllers\room_video_state_controller.dart","31","CRITICAL-FIRESTORE","final data = snapshot.data()!;","FirestoreDataAssertion"
"core\autonomy\governance_dashboard.dart","102","CRITICAL-TEXT","Text('Error: $_error'),","UnsafeTextInterpolation"
"core\constants\app_icons.dart","230","CRITICAL-BUILD","color: color!.withValues(alpha: 0.5),","NullAssertionInBuild"
"core\ecosystem\ecosystem_dashboard.dart","589","CRITICAL-TEXT","subtitle: Text('${campaign.target.name.toUpperCase()} • ${campaign.type.name}'),","UnsafeTextInterpolation"
"core\ecosystem\ecosystem_dashboard.dart","1047","CRITICAL-TEXT","SnackBar(content: Text('Failed to create campaign: $e')),","UnsafeTextInterpolation"
"core\ecosystem\ecosystem_dashboard.dart","1075","CRITICAL-TEXT","SnackBar(content: Text('Opening campaign: ${campaign.name}')),","UnsafeTextInterpolation"
"core\ecosystem\ecosystem_dashboard.dart","1096","CRITICAL-TEXT","...opportunity.requirements.map((r) => Text('• $r')),","UnsafeTextInterpolation"
"core\ecosystem\ecosystem_dashboard.dart","1104","CRITICAL-TEXT","...opportunity.risks.map((r) => Text('• $r')),","UnsafeTextInterpolation"
"core\ecosystem\marketplace_dashboard.dart","659","CRITICAL-TEXT","child: Text('\$${price.toStringAsFixed(2)}'),","UnsafeTextInterpolation"
"core\ecosystem\marketplace_dashboard.dart","802","CRITICAL-TEXT","SnackBar(content: Text('Failed to create service: $e')),","UnsafeTextInterpolation"
"core\ecosystem\marketplace_dashboard.dart","831","CRITICAL-TEXT","SnackBar(content: Text('Failed to apply boost: $e')),","UnsafeTextInterpolation"
"core\ecosystem\marketplace_service.dart","481","CRITICAL-FIRESTORE","final service = CreatorService.fromMap(serviceDoc.data()!);","FirestoreDataAssertion"
"core\ecosystem\marketplace_service.dart","708","CRITICAL-FIRESTORE","final data = doc.data()!;","FirestoreDataAssertion"
"core\ecosystem\partner_portal.dart","333","CRITICAL-TEXT","SnackBar(content: Text('Failed to submit: $e')),","UnsafeTextInterpolation"
"core\ecosystem\partner_portal.dart","1133","CRITICAL-TEXT","title: Text('\$${payout.amount.toStringAsFixed(2)}'),","UnsafeTextInterpolation"
"core\ecosystem\partner_portal.dart","1231","CRITICAL-TEXT","SnackBar(content: Text('Failed to request payout: $e')),","UnsafeTextInterpolation"
"core\ecosystem\partner_program_service.dart","436","CRITICAL-FIRESTORE","final partner = Partner.fromMap(doc.data()!);","FirestoreDataAssertion"
"core\ecosystem\partner_program_service.dart","455","CRITICAL-FIRESTORE","return Partner.fromMap(doc.data()!);","FirestoreDataAssertion"
"core\ecosystem\partner_program_service.dart","496","CRITICAL-FIRESTORE","final partner = Partner.fromMap(doc.data()!);","FirestoreDataAssertion"
"core\ecosystem\partner_program_service.dart","794","CRITICAL-FIRESTORE","final data = doc.data()!;","FirestoreDataAssertion"
"core\empire\economy_dashboard.dart","763","CRITICAL-TEXT","child: Text('• $w'),","UnsafeTextInterpolation"
"core\empire\economy_dashboard.dart","797","CRITICAL-TEXT","child: Text('• $r'),","UnsafeTextInterpolation"
"core\empire\economy_dashboard.dart","1013","CRITICAL-TEXT","Text('${multiplier.toStringAsFixed(1)}x'),","UnsafeTextInterpolation"
"core\empire\economy_dashboard.dart","1025","CRITICAL-TEXT","child: Text('$h hours'),","UnsafeTextInterpolation"
"core\empire\empire_dashboard.dart","353","CRITICAL-TEXT","subtitle: Text('$users active users'),","UnsafeTextInterpolation"
"core\empire\empire_insights_service.dart","497","CRITICAL-FIRESTORE","final data = platformData.data()!;","FirestoreDataAssertion"
"core\empire\trust_network_dashboard.dart","651","CRITICAL-TEXT","content: Text('Appeal ${decision.name}'),","UnsafeTextInterpolation"
"core\empire\trust_network_dashboard.dart","659","CRITICAL-TEXT","SnackBar(content: Text('Error: $e')),","UnsafeTextInterpolation"
"core\empire\trust_network_dashboard.dart","747","CRITICAL-TEXT","Text('${profile.confirmedViolations}'),","UnsafeTextInterpolation"
"core\empire\trust_network_dashboard.dart","753","CRITICAL-TEXT","Text('${profile.appealsWon}'),","UnsafeTextInterpolation"
"core\empire\trust_network_dashboard.dart","759","CRITICAL-TEXT","Text('${profile.appealsLost}'),","UnsafeTextInterpolation"
"core\engagement\welcome_room_service.dart","49","CRITICAL-FIRESTORE","_cachedConfig = WelcomeRoomConfig.fromFirestore(doc.data()!);","FirestoreDataAssertion"
"core\enterprise\enterprise_dashboard.dart","561","CRITICAL-TEXT","Text('${room.participantCount}/${room.maxParticipants}'),","UnsafeTextInterpolation"
"core\enterprise\enterprise_dashboard.dart","770","CRITICAL-TEXT","Text('$count (${percentage.toStringAsFixed(0)}%)'),","UnsafeTextInterpolation"
"core\enterprise\enterprise_dashboard.dart","1012","CRITICAL-TEXT","title: Text('Invoice #${invoice.id}'),","UnsafeTextInterpolation"
"core\enterprise\enterprise_dashboard.dart","1170","CRITICAL-TEXT","SnackBar(content: Text('Failed to create room: $e')),","UnsafeTextInterpolation"
"core\enterprise\enterprise_dashboard.dart","1181","CRITICAL-TEXT","SnackBar(content: Text('Opening room: ${room.title}')),","UnsafeTextInterpolation"
"core\enterprise\enterprise_service.dart","583","CRITICAL-FIRESTORE","return Organization.fromMap(doc.data()!);","FirestoreDataAssertion"
"core\enterprise\enterprise_service.dart","893","CRITICAL-FIRESTORE","final data = doc.data()!;","FirestoreDataAssertion"
"core\future\future_modes_service.dart","698","CRITICAL-FIRESTORE","final data = doc.data()!;","FirestoreDataAssertion"
"core\future\roadmap_dashboard.dart","534","CRITICAL-TEXT","Text('${idea.upvotes}'),","UnsafeTextInterpolation"
"core\future\roadmap_dashboard.dart","613","CRITICAL-TEXT","SnackBar(content: Text('Failed to generate roadmap: $e')),","UnsafeTextInterpolation"
"core\future\roadmap_dashboard.dart","678","CRITICAL-TEXT","SnackBar(content: Text('Failed to submit: $e')),","UnsafeTextInterpolation"
"core\growth\deep_link_service.dart","168","CRITICAL-FIRESTORE","final roomData = roomDoc.data()!;","FirestoreDataAssertion"
"core\growth\deep_link_service.dart","304","CRITICAL-FIRESTORE","final roomData = roomDoc.data()!;","FirestoreDataAssertion"
"core\growth\referral_service.dart","41","CRITICAL-FIRESTORE","return referralDoc.data()!['code'] as String;","FirestoreDataAssertion"
"core\growth\referral_service.dart","143","CRITICAL-FIRESTORE","final codeData = codeDoc.data()!;","FirestoreDataAssertion"
"core\growth\referral_service.dart","293","CRITICAL-FIRESTORE","final data = referralDoc.data()!;","FirestoreDataAssertion"
"core\guards\profile_guard.dart","49","CRITICAL-TEXT","Text('Error loading profile: ${snapshot.error}'),","UnsafeTextInterpolation"
"core\guards\profile_guard.dart","65","CRITICAL-SNAPSHOT","if (snapshot.hasData && snapshot.data!.exists) {","SnapshotDataAssertion"
"core\guards\profile_guard.dart","66","CRITICAL-SNAPSHOT","final profileData = snapshot.data!.data() as Map<String, dynamic>?;","SnapshotDataAssertion"
"core\launch\closed_beta_service.dart","219","CRITICAL-FIRESTORE","final cohortData = cohortDoc.data()!;","FirestoreDataAssertion"
"core\launch\closed_beta_service.dart","566","CRITICAL-FIRESTORE","return BetaTester.fromMap(doc.data()!);","FirestoreDataAssertion"
"core\launch\launch_countdown_widget.dart","66","CRITICAL-FIRESTORE","_launchDate = (doc.data()!['launchDate'] as Timestamp).toDate();","FirestoreDataAssertion"
"core\launch\launch_readiness_report.dart","94","CRITICAL-TEXT","Text('Error: $_error'),","UnsafeTextInterpolation"
"core\liveops\community_health_service.dart","530","CRITICAL-FIRESTORE","final data = doc.data()!;","FirestoreDataAssertion"
"core\liveops\creator_dashboard.dart","77","CRITICAL-TEXT","Text('Error: $_error'),","UnsafeTextInterpolation"
"core\liveops\creator_program_service.dart","693","CRITICAL-FIRESTORE","final data = doc.data()!;","FirestoreDataAssertion"
"core\liveops\live_event_model.dart","76","CRITICAL-FIRESTORE","final data = doc.data()!;","FirestoreDataAssertion"
"core\liveops\liveops_service.dart","407","CRITICAL-FIRESTORE","final data = offerDoc.data()!;","FirestoreDataAssertion"
"core\liveops\seasonal_event_service.dart","285","CRITICAL-FIRESTORE","return SeasonalEvent.fromMap(doc.id, doc.data()!);","FirestoreDataAssertion"
"core\liveops\seasonal_event_service.dart","367","CRITICAL-FIRESTORE","final data = doc.data()!;","FirestoreDataAssertion"
"core\monetization\creator_economy_service.dart","377","CRITICAL-FIRESTORE","final creatorData = creatorDoc.data()!;","FirestoreDataAssertion"
"core\monetization\creator_economy_service.dart","431","CRITICAL-FIRESTORE","final creatorData = creatorDoc.data()!;","FirestoreDataAssertion"
"core\monetization\creator_economy_service.dart","557","CRITICAL-FIRESTORE","final creatorData = creatorDoc.data()!;","FirestoreDataAssertion"
"core\monetization\creator_economy_service.dart","715","CRITICAL-FIRESTORE","final bonusData = bonusDoc.data()!;","FirestoreDataAssertion"
"core\monetization\monetization_engine.dart","674","CRITICAL-FIRESTORE","final data = userDoc.data()!;","FirestoreDataAssertion"
"core\monetization\offer_engine.dart","406","CRITICAL-FIRESTORE","final offer = PersonalizedOffer.fromMap(offerDoc.data()!);","FirestoreDataAssertion"
"core\monetization\offer_engine.dart","474","CRITICAL-FIRESTORE","final bundle = CreatorSupportBundle.fromMap(bundleDoc.data()!);","FirestoreDataAssertion"
"core\monetization\offer_engine.dart","557","CRITICAL-FIRESTORE","final userData = userDoc.data()!;","FirestoreDataAssertion"
"core\monetization\offer_engine.dart","634","CRITICAL-FIRESTORE","final userData = userDoc.data()!;","FirestoreDataAssertion"
"core\monitoring\monitoring_dashboard.dart","88","CRITICAL-TEXT","Text('Error: $_error'),","UnsafeTextInterpolation"
"core\platform\oauth_provider.dart","407","CRITICAL-FIRESTORE","final providerData = providerDoc.data()!;","FirestoreDataAssertion"
"core\platform\platform_api_service.dart","444","CRITICAL-FIRESTORE","final data = tokenDoc.data()!;","FirestoreDataAssertion"
"core\platform\trust_dashboard.dart","388","CRITICAL-TEXT","subtitle: Text('Level ${cert.level}'),","UnsafeTextInterpolation"
"core\platform\trust_dashboard.dart","754","CRITICAL-TEXT","Text('Rule: ${violation.ruleId}'),","UnsafeTextInterpolation"
"core\platform\trust_dashboard.dart","756","CRITICAL-TEXT","Text('Severity: ${violation.severity.name}'),","UnsafeTextInterpolation"
"core\platform\trust_dashboard.dart","758","CRITICAL-TEXT","Text('Description:\n${violation.description}'),","UnsafeTextInterpolation"
"core\platform\trust_dashboard.dart","762","CRITICAL-TEXT","...violation.evidence.map((e) => Text('• $e')),","UnsafeTextInterpolation"
"core\platform\trust_framework.dart","622","CRITICAL-FIRESTORE","final data = doc.data()!;","FirestoreDataAssertion"
"core\platform\trust_framework.dart","794","CRITICAL-FIRESTORE","final data = doc.data()!;","FirestoreDataAssertion"
"core\responsive\responsive_utils.dart","163","CRITICAL-BUILD","return desktop!;","NullAssertionInBuild"
"core\responsive\responsive_utils.dart","266","CRITICAL-BUILD","? Responsive.responsiveFontSize(context, style!.fontSize!)","NullAssertionInBuild"
"core\retention\retention_service.dart","49","CRITICAL-FIRESTORE","final data = rewardsDoc.data()!;","FirestoreDataAssertion"
"core\retention\retention_service.dart","145","CRITICAL-FIRESTORE","final lastClaim = rewardsDoc.data()!['lastSpotlightClaim'] as Timestamp?;","FirestoreDataAssertion"
"core\retention\retention_service.dart","263","CRITICAL-FIRESTORE","final lastClaim = rewardsDoc.data()!['lastVipPerksClaim'] as Timestamp?;","FirestoreDataAssertion"
"core\retention\retention_service.dart","420","CRITICAL-FIRESTORE","final data = streaksDoc.data()!;","FirestoreDataAssertion"
"core\retention\retention_service.dart","513","CRITICAL-FIRESTORE","final stats = statsDoc.data()!;","FirestoreDataAssertion"
"core\routing\app_routes.dart","181","CRITICAL-TEXT","child: Text('Room: $roomId\n(Coming soon)'),","UnsafeTextInterpolation"
"core\safety\safety_ai_service.dart","378","CRITICAL-FIRESTORE","final userData = userDoc.data()!;","FirestoreDataAssertion"
"core\safety\safety_ai_service.dart","462","CRITICAL-FIRESTORE","final userData = userDoc.data()!;","FirestoreDataAssertion"
"core\safety\safety_ai_service.dart","490","CRITICAL-FIRESTORE","final banData = banDoc.data()!;","FirestoreDataAssertion"
"core\scale\scale_service.dart","324","CRITICAL-FIRESTORE","final data = roomDoc.data()!;","FirestoreDataAssertion"
"features\chat_list_page.dart","38","CRITICAL-TEXT","Text('Error loading chats: $error'),","UnsafeTextInterpolation"
"features\chat_list_page.dart","183","CRITICAL-BUILD","? user!.displayName![0].toUpperCase()","NullAssertionInBuild"
"features\chat_list_page.dart","292","CRITICAL-BUILD","child: Text(user.displayName?.isNotEmpty == true ? user.displayName![0].toUpperCase() : '?'),","NullAssertionInBuild"
"features\chat_list_page.dart","313","CRITICAL-TEXT","SnackBar(content: Text('Failed to start chat: $e')),","UnsafeTextInterpolation"
"features\chat_room_page.dart","64","CRITICAL-TEXT","SnackBar(content: Text('Failed to send message: $e')),","UnsafeTextInterpolation"
"features\chat_room_page.dart","101","CRITICAL-BUILD","user!.photos.first,","NullAssertionInBuild"
"features\chat_room_page.dart","108","CRITICAL-BUILD",": Text(user?.displayName?.isNotEmpty == true ? user!.displayName![0].toUpperCase() : '?'),","NullAssertionInBuild"
"features\chat_room_page.dart","186","CRITICAL-TEXT","child: Text('Error loading messages: $error'),","UnsafeTextInterpolation"
"features\chat_room_page.dart","274","CRITICAL-TEXT","SnackBar(content: Text('Failed to delete message: $e')),","UnsafeTextInterpolation"
"features\chat_room_page.dart","353","CRITICAL-TEXT","SnackBar(content: Text('Failed to upload image: $e')),","UnsafeTextInterpolation"
"features\chat_room_page.dart","388","CRITICAL-TEXT","SnackBar(content: Text('Failed to upload file: $e')),","UnsafeTextInterpolation"
"features\chat_room_page.dart","422","CRITICAL-TEXT","SnackBar(content: Text('Failed to take photo: $e')),","UnsafeTextInterpolation"
"features\chat_room_page.dart","474","CRITICAL-TEXT","SnackBar(content: Text('Failed to block user: $e')),","UnsafeTextInterpolation"
"features\chat_room_page.dart","577","CRITICAL-TEXT","SnackBar(content: Text('Failed to submit report: $e')),","UnsafeTextInterpolation"
"features\create_event_page.dart","176","CRITICAL-TEXT","SnackBar(content: Text('Failed to create event: $e')),","UnsafeTextInterpolation"
"features\create_event_page.dart","224","CRITICAL-BUILD","image: _selectedImagePath!.startsWith('http')","NullAssertionInBuild"
"features\create_event_page.dart","490","CRITICAL-TEXT","SnackBar(content: Text('Failed to pick image: $e')),","UnsafeTextInterpolation"
"features\create_profile_page.dart","96","CRITICAL-TEXT","SnackBar(content: Text('Error picking image: $e')),","UnsafeTextInterpolation"
"features\create_profile_page.dart","154","CRITICAL-TEXT","SnackBar(content: Text('Error creating profile: $e')),","UnsafeTextInterpolation"
"features\event_details_page.dart","54","CRITICAL-TEXT","SnackBar(content: Text('Failed to update attendance: $e')),","UnsafeTextInterpolation"
"features\event_details_page.dart","98","CRITICAL-TEXT","SnackBar(content: Text('Failed to delete event: $e')),","UnsafeTextInterpolation"
"features\events_page.dart","95","CRITICAL-TEXT","Text('Error loading events: $error'),","UnsafeTextInterpolation"
"features\events_page.dart","174","CRITICAL-TEXT","child: Text('Error loading your events: $error'),","UnsafeTextInterpolation"
"features\events_page.dart","218","CRITICAL-TEXT","child: Text('Error loading attending events: $error'),","UnsafeTextInterpolation"
"features\home_page.dart","101","CRITICAL-TEXT","error: (error, stack) => Text('Error loading profile: $error'),","UnsafeTextInterpolation"
"features\home_page.dart","143","CRITICAL-TEXT","error: (error, stack) => Text('Error loading events: $error'),","UnsafeTextInterpolation"
"features\home_page.dart","171","CRITICAL-TEXT","error: (error, stack) => Text('Error loading messages: $error'),","UnsafeTextInterpolation"
"features\home_page.dart","439","CRITICAL-BUILD","user?.displayName?.isNotEmpty == true ? Text(user!.displayName![0].toUpperCase()) : const Text('?'),","NullAssertionInBuild"
"features\match_preferences_page.dart","100","CRITICAL-TEXT","content: Text('Failed to save preferences: ${e.toString()}')),","UnsafeTextInterpolation"
"features\profile_page.dart","90","CRITICAL-TEXT","SnackBar(content: Text('Failed to update profile: $e')),","UnsafeTextInterpolation"
"features\profile_page.dart","156","CRITICAL-TEXT","Text('Error loading profile: $error'),","UnsafeTextInterpolation"
"features\achievements\achievements_page.dart","37","CRITICAL-TEXT","return Center(child: Text('Error: ${snapshot.error}'));","UnsafeTextInterpolation"
"features\admin\admin_dashboard_page.dart","67","CRITICAL-TEXT","return Text('Error: ${snapshot.error}');","UnsafeTextInterpolation"
"features\admin\admin_dashboard_page.dart","278","CRITICAL-TEXT","SnackBar(content: Text('Report $status')),","UnsafeTextInterpolation"
"features\admin\admin_dashboard_page.dart","285","CRITICAL-TEXT","SnackBar(content: Text('Error: $e')),","UnsafeTextInterpolation"
"features\app\screens\email_verification_page.dart","54","CRITICAL-TEXT","content: Text('Error sending email: $e'),","UnsafeTextInterpolation"
"features\app\screens\home_page.dart","84","CRITICAL-BUILD","_profile!.bio!,","NullAssertionInBuild"
"features\app\screens\home_page.dart","92","CRITICAL-BUILD","""📍 ${_profile!.location!}"",","NullAssertionInBuild"
"features\app\screens\home_page.dart","99","CRITICAL-BUILD","""Interests: ${_profile!.interests!.join("", "")}"",","NullAssertionInBuild"
"features\app\screens\matches_page.dart","48","CRITICAL-TEXT","content: Text('Error generating matches: $e'),","UnsafeTextInterpolation"
"features\app\screens\matches_page.dart","94","CRITICAL-TEXT","content: Text('Error: $e'),","UnsafeTextInterpolation"
"features\app\screens\matches_page.dart","110","CRITICAL-TEXT","content: Text('Error: $e'),","UnsafeTextInterpolation"
"features\app\screens\matches_page.dart","189","CRITICAL-TEXT","Text('Error loading matches: $error'),","UnsafeTextInterpolation"
"features\app\screens\profile_edit_page.dart","145","CRITICAL-TEXT","SnackBar(content: Text('Error selecting image: $e')),","UnsafeTextInterpolation"
"features\app\screens\profile_edit_page.dart","173","CRITICAL-TEXT","SnackBar(content: Text('Error uploading photo: $e')),","UnsafeTextInterpolation"
"features\app\screens\profile_edit_page.dart","232","CRITICAL-TEXT","SnackBar(content: Text('Error updating profile: $e')),","UnsafeTextInterpolation"
"features\app\screens\profile_edit_page.dart","342","CRITICAL-BUILD","ValidationHelpers.areEqualIgnoreCase(value, user!.email)) {","NullAssertionInBuild"
"features\auth\forgot_password_page.dart","42","CRITICAL-TEXT","content: Text('Failed to send reset email: ${e.toString()}')),","UnsafeTextInterpolation"
"features\auth\screens\neon_splash_page.dart","107","CRITICAL-TEXT","SnackBar(content: Text('Error: $e')),","UnsafeTextInterpolation"
"features\browse\screens\browse_rooms_paginated_page.dart","66","CRITICAL-TEXT","subtitle: Text('${room.participantIds.length} members • ${room.viewerCount} viewers'),","UnsafeTextInterpolation"
"features\chat\screens\chat_conversation_page.dart","68","CRITICAL-FIRESTORE","final chatData = chatDoc.data()!;","FirestoreDataAssertion"
"features\chat\screens\chat_conversation_page.dart","98","CRITICAL-TEXT","SnackBar(content: Text('Failed to send message: $e')),","UnsafeTextInterpolation"
"features\chat\screens\chat_conversation_page.dart","233","CRITICAL-TEXT","return Center(child: Text('Error: ${snapshot.error}'));","UnsafeTextInterpolation"
"features\chat\screens\chat_page.dart","213","CRITICAL-TEXT","SnackBar(content: Text('Upload failed: $e')),","UnsafeTextInterpolation"
"features\chat\screens\chat_page.dart","242","CRITICAL-BUILD","displayName = profile.displayName!;","NullAssertionInBuild"
"features\chat\screens\chats_list_page.dart","51","CRITICAL-TEXT","child: Text('Error: ${snapshot.error}'),","UnsafeTextInterpolation"
"features\discover\room_discovery_page.dart","98","CRITICAL-TEXT","return Text('Error: ${snapshot.error}');","UnsafeTextInterpolation"
"features\discover\room_discovery_page.dart","180","CRITICAL-TEXT","return Center(child: Text('Error: ${snapshot.error}'));","UnsafeTextInterpolation"
"features\discover\room_discovery_page.dart","254","CRITICAL-TEXT","return Center(child: Text('Error: ${snapshot.error}'));","UnsafeTextInterpolation"
"features\discover_users\discover_users_page.dart","269","CRITICAL-BUILD","user.displayName?.isNotEmpty == true ? user.displayName![0].toUpperCase() : '?',","NullAssertionInBuild"
"features\discover_users\discover_users_page.dart","313","CRITICAL-BUILD","children: user.interests!.take(3).map((interest) {","NullAssertionInBuild"
"features\edit_profile\edit_profile_page.dart","121","CRITICAL-TEXT","SnackBar(content: Text('Failed to update profile: $e')),","UnsafeTextInterpolation"
"features\edit_profile\edit_profile_page.dart","225","CRITICAL-TEXT","SnackBar(content: Text('Failed to update avatar: $e')),","UnsafeTextInterpolation"
"features\edit_profile\edit_profile_page.dart","333","CRITICAL-TEXT","SnackBar(content: Text('Failed to add photo: $e')),","UnsafeTextInterpolation"
"features\edit_profile\edit_profile_page.dart","396","CRITICAL-TEXT","SnackBar(content: Text('Failed to remove photo: $e')),","UnsafeTextInterpolation"
"features\events\screens\create_event_page.dart","162","CRITICAL-TEXT","SnackBar(content: Text('Firebase error: ${e.message}')),","UnsafeTextInterpolation"
"features\events\screens\create_event_page.dart","168","CRITICAL-TEXT","SnackBar(content: Text('An unexpected error occurred: $e')),","UnsafeTextInterpolation"
"features\events\screens\event_chat_page.dart","69","CRITICAL-TEXT","SnackBar(content: Text('Failed to send message: $e')),","UnsafeTextInterpolation"
"features\events\screens\event_details_page.dart","263","CRITICAL-TEXT","SnackBar(content: Text('Error joining room: $e')),","UnsafeTextInterpolation"
"features\feed\social_feed_page.dart","499","CRITICAL-SNAPSHOT","final comments = snapshot.data!;","SnapshotDataAssertion"
"features\feed\social_feed_page.dart","786","CRITICAL-TEXT",": Text('Send $_selectedAmount'),","UnsafeTextInterpolation"
"features\go_live\go_live_page.dart","49","CRITICAL-TEXT","SnackBar(content: Text('Failed to create room: ${e.toString()}')),","UnsafeTextInterpolation"
"features\group_chat\screens\group_chat_room_page.dart","169","CRITICAL-TEXT","error: (err, _) => Center(child: Text('Participants unavailable: $err')),","UnsafeTextInterpolation"
"features\home\home_page_electric.dart","212","CRITICAL-TEXT","error: (error, stack) => Center(child: Text('Error: $error')),","UnsafeTextInterpolation"
"features\landing\landing_page.dart","189","CRITICAL-SNAPSHOT","if (snapshot.hasData && snapshot.data!.docs.isNotEmpty) {","SnapshotDataAssertion"
"features\landing\landing_page.dart","190","CRITICAL-SNAPSHOT","for (var doc in snapshot.data!.docs) {","SnapshotDataAssertion"
"features\landing\landing_page.dart","338","CRITICAL-SNAPSHOT","if (snapshot.hasData && snapshot.data!.docs.isNotEmpty) {","SnapshotDataAssertion"
"features\landing\landing_page.dart","339","CRITICAL-SNAPSHOT","for (var doc in snapshot.data!.docs) {","SnapshotDataAssertion"
"features\landing\landing_page.dart","525","CRITICAL-SNAPSHOT","if (snapshot.hasData && snapshot.data!.docs.isNotEmpty) {","SnapshotDataAssertion"
"features\landing\landing_page.dart","526","CRITICAL-SNAPSHOT","for (var doc in snapshot.data!.docs) {","SnapshotDataAssertion"
"features\landing\landing_page.dart","756","CRITICAL-SNAPSHOT","if (snapshot.hasData && snapshot.data!.docs.isNotEmpty) {","SnapshotDataAssertion"
"features\landing\landing_page.dart","757","CRITICAL-SNAPSHOT","for (var doc in snapshot.data!.docs) {","SnapshotDataAssertion"
"features\leaderboards\leaderboards_page.dart","75","CRITICAL-SNAPSHOT","if (!snapshot.hasData || snapshot.data!.docs.isEmpty) {","SnapshotDataAssertion"
"features\leaderboards\leaderboards_page.dart","85","CRITICAL-SNAPSHOT","final docs = snapshot.data!.docs;","SnapshotDataAssertion"
"features\leaderboards\leaderboards_page.dart","125","CRITICAL-SNAPSHOT","if (!snapshot.hasData || snapshot.data!.docs.isEmpty) {","SnapshotDataAssertion"
"features\leaderboards\leaderboards_page.dart","135","CRITICAL-SNAPSHOT","final docs = snapshot.data!.docs;","SnapshotDataAssertion"
"features\leaderboards\leaderboards_page.dart","174","CRITICAL-SNAPSHOT","if (!snapshot.hasData || snapshot.data!.docs.isEmpty) {","SnapshotDataAssertion"
"features\leaderboards\leaderboards_page.dart","184","CRITICAL-SNAPSHOT","final docs = snapshot.data!.docs;","SnapshotDataAssertion"
"features\leaderboards\leaderboards_page.dart","223","CRITICAL-SNAPSHOT","final username = snapshot.hasData && snapshot.data!.exists","SnapshotDataAssertion"
"features\leaderboards\leaderboards_page.dart","224","CRITICAL-SNAPSHOT","? (snapshot.data!.data() as Map<String, dynamic>)['username'] ??","SnapshotDataAssertion"
"features\leaderboards\leaderboards_page.dart","227","CRITICAL-SNAPSHOT","final profilePhoto = snapshot.hasData && snapshot.data!.exists","SnapshotDataAssertion"
"features\leaderboards\leaderboards_page.dart","228","CRITICAL-SNAPSHOT","? (snapshot.data!.data() as Map<String, dynamic>)['profilePhotoUrl']","SnapshotDataAssertion"
"features\matching\examples\matching_example.dart","27","CRITICAL-TEXT","error: (error, stack) => Center(child: Text('Error: $error')),","UnsafeTextInterpolation"
"features\matching\examples\matching_example.dart","57","CRITICAL-TEXT","Text('Min Score: ${currentFilter.minScore.toInt()}'),","UnsafeTextInterpolation"
"features\matching\examples\matching_example.dart","67","CRITICAL-TEXT","Text('Max Distance: ${currentFilter.maxDistance.toInt()} miles'),","UnsafeTextInterpolation"
"features\matching\providers\matching_providers.dart","72","CRITICAL-FIRESTORE","return MatchingProfile.fromJson(doc.data()!);","FirestoreDataAssertion"
"features\matching\providers\matching_providers.dart","108","CRITICAL-FIRESTORE","final targetProfile = MatchingProfile.fromJson(targetDoc.data()!);","FirestoreDataAssertion"
"features\matching\providers\matching_providers.dart","196","CRITICAL-FIRESTORE","final theirProfile = MatchingProfile.fromJson(theirDoc.data()!);","FirestoreDataAssertion"
"features\messages\chat_screen.dart","446","CRITICAL-TEXT","content: Text('Failed to send message: $e'),","UnsafeTextInterpolation"
"features\messages\chat_screen.dart","474","CRITICAL-TEXT","content: Text('Failed to edit message: $e'),","UnsafeTextInterpolation"
"features\messages\chat_screen.dart","501","CRITICAL-TEXT","content: Text('Failed to delete message: $e'),","UnsafeTextInterpolation"
"features\messages\chat_screen.dart","520","CRITICAL-TEXT","content: Text('Failed to add reaction: $e'),","UnsafeTextInterpolation"
"features\messages\chat_screen.dart","539","CRITICAL-TEXT","content: Text('Failed to remove reaction: $e'),","UnsafeTextInterpolation"
"features\messages\chat_screen.dart","822","CRITICAL-TEXT","content: Text('Failed to edit message: $e'),","UnsafeTextInterpolation"
"features\messages\chat_screen.dart","879","CRITICAL-TEXT","content: Text('Failed to delete message: $e'),","UnsafeTextInterpolation"
"features\moderation\screens\admin_report_review_screen.dart","36","CRITICAL-TEXT","child: Text('Error: ${snapshot.error}'),","UnsafeTextInterpolation"
"features\moderation\screens\admin_report_review_screen.dart","118","CRITICAL-TEXT","SnackBar(content: Text('Error: $e')),","UnsafeTextInterpolation"
"features\moderation\screens\admin_report_review_screen.dart","142","CRITICAL-TEXT","SnackBar(content: Text('Error: $e')),","UnsafeTextInterpolation"
"features\moderation\screens\admin_report_review_screen.dart","193","CRITICAL-TEXT","SnackBar(content: Text('Error: $e')),","UnsafeTextInterpolation"
"features\moderation\screens\blocked_users_screen.dart","52","CRITICAL-TEXT","SnackBar(content: Text('Failed to unblock user: $e')),","UnsafeTextInterpolation"
"features\moderation\screens\blocked_users_screen.dart","74","CRITICAL-TEXT","child: Text('Error: ${snapshot.error}'),","UnsafeTextInterpolation"
"features\moderation\screens\moderator_dashboard_page.dart","100","CRITICAL-TEXT","content: Text('Export failed: $e'),","UnsafeTextInterpolation"
"features\moderation\screens\report_user_screen.dart","70","CRITICAL-TEXT","SnackBar(content: Text('Failed to submit report: $e')),","UnsafeTextInterpolation"
"features\moderation\widgets\host_moderation_panel.dart","43","CRITICAL-TEXT","SnackBar(content: Text('Action failed: $e')),","UnsafeTextInterpolation"
"features\moderation\widgets\mod_actions_panel.dart","189","CRITICAL-TEXT","content: Text('Failed to toggle lockdown: $e'),","UnsafeTextInterpolation"
"features\moderation\widgets\mod_log_viewer.dart","26","CRITICAL-TEXT","return Center(child: Text('Error: ${snapshot.error}'));","UnsafeTextInterpolation"
"features\moderation\widgets\mod_log_viewer.dart","33","CRITICAL-SNAPSHOT","final logs = snapshot.data!.docs","SnapshotDataAssertion"
"features\moderation\widgets\mod_log_viewer.dart","73","CRITICAL-TEXT","Text('By: ${log.moderatorName}'),","UnsafeTextInterpolation"
"features\moderation\widgets\mod_log_viewer.dart","74","CRITICAL-TEXT","if (log.reason.isNotEmpty) Text('Reason: ${log.reason}'),","UnsafeTextInterpolation"
"features\moderation\widgets\mod_stats_card.dart","26","CRITICAL-SNAPSHOT","final logs = snapshot.data!.docs","SnapshotDataAssertion"
"features\notifications\notification_center_page.dart","453","CRITICAL-TEXT","SnackBar(content: Text('Error: $e')),","UnsafeTextInterpolation"
"features\notifications\notification_center_page.dart","470","CRITICAL-TEXT","SnackBar(content: Text('Error: $e')),","UnsafeTextInterpolation"
"features\notifications\notification_center_page.dart","517","CRITICAL-TEXT","SnackBar(content: Text('Error: $e')),","UnsafeTextInterpolation"
"features\notifications\screens\notifications_page.dart","28","CRITICAL-TEXT","return Center(child: Text('Error: ${snapshot.error}'));","UnsafeTextInterpolation"
"features\notifications\screens\notifications_page.dart","73","CRITICAL-TEXT","error: (error, stack) => Center(child: Text('Error: $error')),","UnsafeTextInterpolation"
"features\notifications\screens\notifications_paginated_page.dart","66","CRITICAL-TEXT","SnackBar(content: Text('Error: $e')),","UnsafeTextInterpolation"
"features\onboarding\screens\first_recommendation_page.dart","71","CRITICAL-TEXT","SnackBar(content: Text('Error: $e')),","UnsafeTextInterpolation"
"features\onboarding\screens\interests_selection_page.dart","74","CRITICAL-TEXT","SnackBar(content: Text('Error: $e')),","UnsafeTextInterpolation"
"features\onboarding\screens\onboarding_page.dart","59","CRITICAL-TEXT","SnackBar(content: Text('Failed to load interests: $e')),","UnsafeTextInterpolation"
"features\onboarding\screens\onboarding_page.dart","165","CRITICAL-TEXT","SnackBar(content: Text('Failed to complete onboarding: $e')),","UnsafeTextInterpolation"
"features\onboarding\screens\onboarding_page.dart","189","CRITICAL-TEXT","SnackBar(content: Text('Failed to pick photo: $e')),","UnsafeTextInterpolation"
"features\onboarding\screens\permissions_request_page.dart","91","CRITICAL-TEXT","SnackBar(content: Text('Error: $e')),","UnsafeTextInterpolation"
"features\onboarding\screens\permissions_screen.dart","105","CRITICAL-TEXT","content: Text('Could not request permission: $e'),","UnsafeTextInterpolation"
"features\onboarding\screens\profile_essentials_page.dart","124","CRITICAL-TEXT","SnackBar(content: Text('Error: $e')),","UnsafeTextInterpolation"
"features\onboarding\screens\profile_essentials_page.dart","190","CRITICAL-BUILD","_selectedPhoto!.path,","NullAssertionInBuild"
"features\payment\coin_purchase_page.dart","40","CRITICAL-TEXT","SnackBar(content: Text('Successfully purchased $coins coins!')),","UnsafeTextInterpolation"
"features\payment\coin_purchase_page.dart","47","CRITICAL-TEXT","SnackBar(content: Text('Purchase failed: $e')),","UnsafeTextInterpolation"
"features\payments\screens\membership_upgrade_screen.dart","471","CRITICAL-TEXT","content: Text('✅ Upgraded to ${_selectedTier.displayName}!'),","UnsafeTextInterpolation"
"features\payments\screens\membership_upgrade_screen.dart","493","CRITICAL-TEXT","content: Text('Error: $e'),","UnsafeTextInterpolation"
"features\payments\screens\wallet_page.dart","452","CRITICAL-TEXT","child: Text('Error: $e',","UnsafeTextInterpolation"
"features\profile\screens\edit_profile_page.dart","91","CRITICAL-TEXT","SnackBar(content: Text('Failed to upload avatar: $e'), backgroundColor: Colors.red),","UnsafeTextInterpolation"
"features\profile\screens\edit_profile_page.dart","139","CRITICAL-TEXT","SnackBar(content: Text('Failed to upload cover photo: $e'), backgroundColor: Colors.red),","UnsafeTextInterpolation"
"features\profile\screens\edit_profile_page.dart","210","CRITICAL-TEXT","SnackBar(content: Text('Failed to update profile: $e'), backgroundColor: Colors.red),","UnsafeTextInterpolation"
"features\profile\screens\profile_page.dart","389","CRITICAL-TEXT","SnackBar(content: Text('Failed to delete account: $e')),","UnsafeTextInterpolation"
"features\profile\screens\suggested_users_page.dart","212","CRITICAL-TEXT","content: Text(isFollowing ? 'Unfollowed' : 'Now following ${user.displayName}!'),","UnsafeTextInterpolation"
"features\profile\screens\suggested_users_page.dart","219","CRITICAL-TEXT","content: Text('Error: $e'),","UnsafeTextInterpolation"
"features\reporting\moderation_page.dart","141","CRITICAL-TEXT","Text('Type: ${_getTypeText(type)}'),","UnsafeTextInterpolation"
"features\reporting\moderation_page.dart","282","CRITICAL-TEXT","SnackBar(content: Text('Report marked as ${_getStatusText(newStatus).toLowerCase()}')),","UnsafeTextInterpolation"
"features\reporting\moderation_page.dart","288","CRITICAL-TEXT","SnackBar(content: Text('Error updating report: $e')),","UnsafeTextInterpolation"
"features\reporting\report_dialog.dart","69","CRITICAL-TEXT","SnackBar(content: Text('Error submitting report: $e')),","UnsafeTextInterpolation"
"features\room\room_page.dart","55","CRITICAL-TEXT","ScaffoldMessenger.of(context).showSnackBar(SnackBar(content: Text('Failed to join video: ${e.toString()}')));","UnsafeTextInterpolation"
"features\room\room_page.dart","86","CRITICAL-TEXT","ScaffoldMessenger.of(context).showSnackBar(SnackBar(content: Text('Failed to send message: ${e.toString()}')));","UnsafeTextInterpolation"
"features\room\room_page.dart","258","CRITICAL-TEXT","messenger.showSnackBar(SnackBar(content: Text('Failed to toggle microphone: $e')));","UnsafeTextInterpolation"
"features\room\room_page.dart","276","CRITICAL-TEXT","messenger.showSnackBar(SnackBar(content: Text('Failed to toggle camera: $e')));","UnsafeTextInterpolation"
"features\room\screens\message_bubble.dart","74","CRITICAL-BUILD","repliedMessage!.senderName,","NullAssertionInBuild"
"features\room\screens\message_bubble.dart","83","CRITICAL-BUILD","repliedMessage!.content,","NullAssertionInBuild"
"features\room\screens\room_page.dart","552","CRITICAL-SNAPSHOT","if (!snapshot.hasData || snapshot.data!.isEmpty) {","SnapshotDataAssertion"
"features\room\screens\room_page.dart","561","CRITICAL-SNAPSHOT","final messages = snapshot.data!;","SnapshotDataAssertion"
"features\room\screens\room_page.dart","1101","CRITICAL-TEXT","content: Text('Failed to send message: $e'),","UnsafeTextInterpolation"
"features\room\screens\voice_room_page.dart","216","CRITICAL-FIRESTORE","final roomData = roomDoc.data()!;","FirestoreDataAssertion"
"features\room\screens\voice_room_page.dart","1367","CRITICAL-TEXT","subtitle: Text('Current: $participantCount', style: TextStyle(color: Colors.grey[500], fontSize: 11)),","UnsafeTextInterpolation"
"features\room\screens\voice_room_page.dart","1374","CRITICAL-TEXT","title: Text('Slow Mode: ${room.slowModeSeconds}s',","UnsafeTextInterpolation"
"features\room\screens\voice_room_page.dart","1473","CRITICAL-TEXT","content: Text('Failed to delete room: $e'),","UnsafeTextInterpolation"
"features\room\screens\voice_room_page.dart","1505","CRITICAL-TEXT","content: Text('Turn-based speaking ${value ? 'enabled' : 'disabled'}'),","UnsafeTextInterpolation"
"features\room\screens\voice_room_page.dart","1518","CRITICAL-TEXT","content: Text('Could not update setting: $e'),","UnsafeTextInterpolation"
"features\room\screens\voice_room_page.dart","1884","CRITICAL-TEXT","SnackBar(content: Text('Failed to raise hand: $e')),","UnsafeTextInterpolation"
"features\room\screens\voice_room_page.dart","1901","CRITICAL-TEXT","SnackBar(content: Text('Failed to lower hand: $e')),","UnsafeTextInterpolation"
"features\room\screens\voice_room_page.dart","1923","CRITICAL-TEXT","SnackBar(content: Text('Failed to approve: $e')),","UnsafeTextInterpolation"
"features\room\screens\voice_room_page.dart","1942","CRITICAL-TEXT","SnackBar(content: Text('${participant.displayName} promoted to moderator')),","UnsafeTextInterpolation"
"features\room\screens\voice_room_page.dart","1949","CRITICAL-TEXT","SnackBar(content: Text('${participant.displayName} removed as moderator')),","UnsafeTextInterpolation"
"features\room\screens\voice_room_page.dart","1956","CRITICAL-TEXT","SnackBar(content: Text('${participant.displayName} muted')),","UnsafeTextInterpolation"
"features\room\screens\voice_room_page.dart","1963","CRITICAL-TEXT","SnackBar(content: Text('${participant.displayName} unmuted')),","UnsafeTextInterpolation"
"features\room\screens\voice_room_page.dart","1970","CRITICAL-TEXT","SnackBar(content: Text('${participant.displayName} spotlighted')),","UnsafeTextInterpolation"
"features\room\screens\voice_room_page.dart","1982","CRITICAL-TEXT","SnackBar(content: Text('${participant.displayName} kicked from room')),","UnsafeTextInterpolation"
"features\room\screens\voice_room_page.dart","1995","CRITICAL-TEXT","SnackBar(content: Text('${participant.displayName} banned from room')),","UnsafeTextInterpolation"
"features\room\screens\voice_room_page.dart","2003","CRITICAL-TEXT","SnackBar(content: Text('Failed to $action: $e')),","UnsafeTextInterpolation"
"features\room\services\room_moderation_service.dart","23","CRITICAL-FIRESTORE","final data = room.data()!;","FirestoreDataAssertion"
"features\room\services\room_moderation_service.dart","38","CRITICAL-FIRESTORE","final data = room.data()!;","FirestoreDataAssertion"
"features\room\widgets\camera_quality_selector.dart","49","CRITICAL-TEXT","content: Text('Quality set to: ${quality.name.toUpperCase()}'),","UnsafeTextInterpolation"
"features\room\widgets\camera_quality_selector.dart","59","CRITICAL-TEXT","content: Text('Error: $e'),","UnsafeTextInterpolation"
"features\room\widgets\voice_room_chat_overlay.dart","210","CRITICAL-TEXT","error: (err, stack) => Center(child: Text('Error: $err')),","UnsafeTextInterpolation"
"features\rooms\create_room_page_complete.dart","73","CRITICAL-TEXT","content: Text('Failed to create room: $e'),","UnsafeTextInterpolation"
"features\rooms\examples\room_usage_example.dart","139","CRITICAL-BUILD","'Room created: ${createState.value!.title}\nCategory: ${createState.value!.category}',","NullAssertionInBuild"
"features\rooms\examples\room_usage_example.dart","166","CRITICAL-TEXT","appBar: AppBar(title: Text('$category Rooms')),","UnsafeTextInterpolation"
"features\rooms\examples\room_usage_example.dart","185","CRITICAL-TEXT","child: Text('Error: $error'),","UnsafeTextInterpolation"
"features\rooms\examples\room_usage_example.dart","254","CRITICAL-TEXT","child: Text('Error: $error'),","UnsafeTextInterpolation"
"features\settings\account_settings_page.dart","74","CRITICAL-TEXT","child: Text('⚠️ $warning'),","UnsafeTextInterpolation"
"features\settings\account_settings_page.dart","124","CRITICAL-TEXT","content: Text('Failed to delete account: $e'),","UnsafeTextInterpolation"
"features\settings\account_settings_page.dart","135","CRITICAL-TEXT","content: Text('Error: $e'),","UnsafeTextInterpolation"
"features\settings\account_settings_page.dart","186","CRITICAL-TEXT","content: Text('Failed to link Google account: $e'),","UnsafeTextInterpolation"
"features\settings\account_settings_page.dart","231","CRITICAL-TEXT","content: Text('$providerName account unlinked successfully'),","UnsafeTextInterpolation"
"features\settings\account_settings_page.dart","242","CRITICAL-TEXT","content: Text('Failed to unlink account: $e'),","UnsafeTextInterpolation"
"features\settings\account_settings_page.dart","351","CRITICAL-TEXT","content: Text('Failed to export data: $e'),","UnsafeTextInterpolation"
"features\settings\account_settings_page.dart","369","CRITICAL-TEXT","Text('• $label'),","UnsafeTextInterpolation"
"features\settings\account_settings_page.dart","708","CRITICAL-TEXT","content: Text('$providerName linking coming soon'),","UnsafeTextInterpolation"
"features\settings\agora_test_page.dart","176","CRITICAL-TEXT","messenger.showSnackBar(SnackBar(content: Text('Failed to toggle mic: $e')));","UnsafeTextInterpolation"
"features\settings\agora_test_page.dart","194","CRITICAL-TEXT","messenger.showSnackBar(SnackBar(content: Text('Failed to toggle camera: $e')));","UnsafeTextInterpolation"
"features\settings\blocked_users_page.dart","63","CRITICAL-TEXT","content: Text('Are you sure you want to unblock $displayName?'),","UnsafeTextInterpolation"
"features\settings\blocked_users_page.dart","89","CRITICAL-TEXT","SnackBar(content: Text('$displayName unblocked successfully')),","UnsafeTextInterpolation"
"features\settings\blocked_users_page.dart","95","CRITICAL-TEXT","SnackBar(content: Text('Failed to unblock user: $e')),","UnsafeTextInterpolation"
"features\settings\notification_settings_page.dart","135","CRITICAL-TEXT","SnackBar(content: Text('Failed to update setting: $e')),","UnsafeTextInterpolation"
"features\settings\privacy_settings_page.dart","102","CRITICAL-TEXT","SnackBar(content: Text('Failed to save settings: $e')),","UnsafeTextInterpolation"
"features\settings\screens\settings_page.dart","37","CRITICAL-BUILD","? NetworkImage(currentUser!.photoUrl!) as ImageProvider","NullAssertionInBuild"
"features\settings\screens\settings_page.dart","68","CRITICAL-TEXT","subtitle: Text('${subscription.daysRemaining} days remaining'),","UnsafeTextInterpolation"
"features\speed_dating\providers\speed_dating_session_provider.dart","265","CRITICAL-FIRESTORE","final sessionData = updatedSession.data()!;","FirestoreDataAssertion"
"features\speed_dating\screens\speed_dating_session_page.dart","141","CRITICAL-TEXT","child: Text('Error: $error'),","UnsafeTextInterpolation"
"features\video_room\video_room_view.dart","104","CRITICAL-TEXT","SnackBar(content: Text('Error leaving room: $e')),","UnsafeTextInterpolation"
"features\video_room\video_room_view.dart","304","CRITICAL-TEXT","Text('Error: ${state.error}', textAlign: TextAlign.center),","UnsafeTextInterpolation"
"features\video_room\screens\polished_room_screen.dart","409","CRITICAL-TEXT","SnackBar(content: Text(participant.isMuted ? 'Unmuted ${participant.name}' : 'Muted ${participant.name}')),","UnsafeTextInterpolation"
"features\video_room\screens\polished_room_screen.dart","427","CRITICAL-TEXT","SnackBar(content: Text('Spotlighting ${participant.name}')),","UnsafeTextInterpolation"
"features\video_room\screens\room_screen.dart","406","CRITICAL-TEXT","SnackBar(content: Text(participant.isMuted ? 'Unmuted ${participant.name}' : 'Muted ${participant.name}')),","UnsafeTextInterpolation"
"features\video_room\screens\room_screen.dart","424","CRITICAL-TEXT","SnackBar(content: Text('Spotlighting ${participant.name}')),","UnsafeTextInterpolation"
"features\video_room\widgets\presence_card.dart","300","CRITICAL-TEXT","content: Text('Tapped ${participant['name']}'),","UnsafeTextInterpolation"
"features\voice_room\widgets\enhanced_chat_widget.dart","413","CRITICAL-TEXT","SnackBar(content: Text('Error sending message: $e')),","UnsafeTextInterpolation"
"features\withdrawal\withdrawal_history_page.dart","43","CRITICAL-TEXT","return Center(child: Text('Error: ${snapshot.error}'));","UnsafeTextInterpolation"
"features\withdrawal\withdrawal_history_page.dart","80","CRITICAL-TEXT","title: Text('\$$amount'),","UnsafeTextInterpolation"
"features\withdrawal\withdrawal_history_page.dart","84","CRITICAL-TEXT","Text('Email: $email'),","UnsafeTextInterpolation"
"features\withdrawal\withdrawal_history_page.dart","85","CRITICAL-TEXT","Text('Status: ${status.toUpperCase()}'),","UnsafeTextInterpolation"
"features\withdrawal\withdrawal_history_page.dart","86","CRITICAL-TEXT","if (createdAt != null) Text('Date: ${createdAt.toDate().toString().substring(0, 10)}'),","UnsafeTextInterpolation"
"features\withdrawal\withdrawal_page.dart","51","CRITICAL-TEXT","SnackBar(content: Text('Error: $e')),","UnsafeTextInterpolation"
"providers\chat_providers.dart","54","CRITICAL-FIRESTORE","final data = snapshot.data()!;","FirestoreDataAssertion"
"providers\user_safety_provider.dart","343","CRITICAL-TEXT","SnackBar(content: Text('Error: $e')),","UnsafeTextInterpolation"
"providers\user_safety_provider.dart","395","CRITICAL-TEXT","SnackBar(content: Text('$targetUserName has been blocked')),","UnsafeTextInterpolation"
"screens\test_video_engine_screen.dart","39","CRITICAL-TEXT","SnackBar(content: Text('Error: $e')),","UnsafeTextInterpolation"
"screens\test_video_engine_screen.dart","108","CRITICAL-TEXT","title: Text('Remote UID: ${u.uid}'),","UnsafeTextInterpolation"
"screens\test_video_engine_screen.dart","109","CRITICAL-TEXT","subtitle: Text('Video: ${u.videoEnabled} | Audio: ${u.audioEnabled}'),","UnsafeTextInterpolation"
"services\badge_service.dart","168","CRITICAL-FIRESTORE","return BadgeDefinition.fromMap(doc.data()!);","FirestoreDataAssertion"
"services\broadcaster_service.dart","29","CRITICAL-FIRESTORE","final data = existingDoc.data()!;","FirestoreDataAssertion"
"services\broadcaster_service.dart","157","CRITICAL-FIRESTORE","...doc.data()!,","FirestoreDataAssertion"
"services\camera_permission_service.dart","101","CRITICAL-FIRESTORE","final permission = CameraPermission.fromMap(permissionDoc.data()!);","FirestoreDataAssertion"
"services\camera_permission_service.dart","145","CRITICAL-FIRESTORE","final permission = CameraPermission.fromMap(permissionDoc.data()!);","FirestoreDataAssertion"
"services\camera_permission_service.dart","177","CRITICAL-FIRESTORE","final permission = CameraPermission.fromMap(permissionDoc.data()!);","FirestoreDataAssertion"
"services\chat_service.dart","45","CRITICAL-FIRESTORE","return ChatRoom.fromMap(doc.data()!..['id'] = doc.id);","FirestoreDataAssertion"
"services\data_export_service.dart","54","CRITICAL-FIRESTORE","final data = doc.data()!;","FirestoreDataAssertion"
"services\data_export_service.dart","237","CRITICAL-FIRESTORE","return _sanitizeTimestamps(doc.data()!);","FirestoreDataAssertion"
"services\events_service.dart","42","CRITICAL-FIRESTORE","final data = snapshot.data()!;","FirestoreDataAssertion"
"services\events_service.dart","146","CRITICAL-FIRESTORE","final data = userDoc.data()!;","FirestoreDataAssertion"
"services\events_service.dart","191","CRITICAL-FIRESTORE","final eventData = eventDoc.data()!;","FirestoreDataAssertion"
"services\events_service.dart","219","CRITICAL-FIRESTORE","final userData = userSnapshot.data()!;","FirestoreDataAssertion"
"services\events_service.dart","324","CRITICAL-FIRESTORE","final data = eventDoc.data()!;","FirestoreDataAssertion"
"services\events_service.dart","355","CRITICAL-FIRESTORE","final data = userDoc.data()!;","FirestoreDataAssertion"
"services\events_service.dart","394","CRITICAL-FIRESTORE","final data = userDoc.data()!;","FirestoreDataAssertion"
"services\events_service.dart","427","CRITICAL-FIRESTORE","final existingEvent = Event.fromMap(eventDoc.data()!..['id'] = eventDoc.id);","FirestoreDataAssertion"
"services\events_service.dart","443","CRITICAL-FIRESTORE","final event = Event.fromMap(eventDoc.data()!..['id'] = eventDoc.id);","FirestoreDataAssertion"
"services\firestore_service.dart","21","CRITICAL-FIRESTORE","return User.fromMap(doc.data()!);","FirestoreDataAssertion"
"services\firestore_service.dart","30","CRITICAL-FIRESTORE","return User.fromMap(doc.data()!);","FirestoreDataAssertion"
"services\firestore_service.dart","176","CRITICAL-FIRESTORE","return PrivacySettings.fromMap(userId, doc.data()!);","FirestoreDataAssertion"
"services\gamification_service.dart","376","CRITICAL-FIRESTORE","final data = streakDoc.data()!;","FirestoreDataAssertion"
"services\messaging_service.dart","138","CRITICAL-FIRESTORE","final userData = userDoc.data()!;","FirestoreDataAssertion"
"services\messaging_service.dart","214","CRITICAL-FIRESTORE","final message = DirectMessage.fromMap(doc.data()!, doc.id);","FirestoreDataAssertion"
"services\messaging_service.dart","236","CRITICAL-FIRESTORE","final message = DirectMessage.fromMap(doc.data()!, doc.id);","FirestoreDataAssertion"
"services\messaging_service.dart","289","CRITICAL-FIRESTORE","final data = conversationDoc.data()!;","FirestoreDataAssertion"
"services\messaging_service.dart","320","CRITICAL-FIRESTORE","final senderData = senderDoc.data()!;","FirestoreDataAssertion"
"services\messaging_service.dart","328","CRITICAL-FIRESTORE","final receiverData = receiverDoc.data()!;","FirestoreDataAssertion"
"services\messaging_service.dart","370","CRITICAL-FIRESTORE","final userData = userDoc.data()!;","FirestoreDataAssertion"
"services\messaging_service.dart","437","CRITICAL-FIRESTORE","final message = DirectMessage.fromMap(doc.data()!, doc.id);","FirestoreDataAssertion"
"services\messaging_service.dart","460","CRITICAL-FIRESTORE","final message = DirectMessage.fromMap(doc.data()!, doc.id);","FirestoreDataAssertion"
"services\messaging_service.dart","483","CRITICAL-FIRESTORE","final message = DirectMessage.fromMap(doc.data()!, doc.id);","FirestoreDataAssertion"
"services\messaging_service.dart","507","CRITICAL-FIRESTORE","final message = DirectMessage.fromMap(doc.data()!, doc.id);","FirestoreDataAssertion"
"services\messaging_service.dart","620","CRITICAL-FIRESTORE","final message = Message.fromMap(doc.data()!);","FirestoreDataAssertion"
"services\messaging_service.dart","640","CRITICAL-FIRESTORE","final message = Message.fromMap(doc.data()!);","FirestoreDataAssertion"
"services\mic_service.dart","167","CRITICAL-FIRESTORE","final data = participantDoc.data()!;","FirestoreDataAssertion"
"services\presence_service.dart","158","CRITICAL-FIRESTORE","final presence = UserPresence.fromMap(doc.data()!);","FirestoreDataAssertion"
"services\profile_service.dart","19","CRITICAL-FIRESTORE","return UserProfile.fromMap(doc.data()!..['id'] = doc.id);","FirestoreDataAssertion"
"services\profile_service.dart","39","CRITICAL-FIRESTORE","final profile = UserProfile.fromMap(doc.data()!..['id'] = doc.id);","FirestoreDataAssertion"
"services\profile_service.dart","54","CRITICAL-FIRESTORE","return UserProfile.fromMap(doc.data()!..['id'] = doc.id);","FirestoreDataAssertion"
"services\profile_service.dart","155","CRITICAL-FIRESTORE","return UserProfile.fromMap(doc.data()!..['id'] = doc.id);","FirestoreDataAssertion"
"services\profile_service.dart","165","CRITICAL-FIRESTORE","return UserProfile.fromMap(doc.data()!..['id'] = doc.id);","FirestoreDataAssertion"
"services\room_service.dart","83","CRITICAL-FIRESTORE","final roomData = roomDoc.data()!;","FirestoreDataAssertion"
"services\room_service.dart","130","CRITICAL-FIRESTORE","final roomData = roomDoc.data()!;","FirestoreDataAssertion"
"services\social_graph_service.dart","187","CRITICAL-FIRESTORE","final currentUserData = currentUserDoc.data()!;","FirestoreDataAssertion"
"services\subscription_service.dart","116","CRITICAL-FIRESTORE","final subscription = UserSubscription.fromMap({...doc.data()!, 'id': doc.id});","FirestoreDataAssertion"
"services\video_subscription_service.dart","49","CRITICAL-FIRESTORE","final state = RoomVideoStateModel.fromJson(snapshot.data()!);","FirestoreDataAssertion"
"shared\gift_selector.dart","54","CRITICAL-TEXT","Text('Sent $_selectedAmount coins to ${widget.receiverName}!'),","UnsafeTextInterpolation"
"shared\gift_selector.dart","64","CRITICAL-TEXT","content: Text('Failed to send tip: ${e.toString()}'),","UnsafeTextInterpolation"
"shared\gift_selector.dart","243","CRITICAL-TEXT","child: Text('Send $_selectedAmount Coins'),","UnsafeTextInterpolation"
"shared\widgets\block_report_dialog.dart","36","CRITICAL-TEXT","title: Text('Actions for ${widget.userName}'),","UnsafeTextInterpolation"
"shared\widgets\block_report_dialog.dart","139","CRITICAL-TEXT","SnackBar(content: Text('${widget.userName} has been blocked')),","UnsafeTextInterpolation"
"shared\widgets\block_report_dialog.dart","146","CRITICAL-TEXT","SnackBar(content: Text('Failed to block user: $e')),","UnsafeTextInterpolation"
"shared\widgets\block_report_dialog.dart","185","CRITICAL-TEXT","SnackBar(content: Text('Failed to submit report: $e')),","UnsafeTextInterpolation"
"shared\widgets\camera_permission_request_dialog.dart","57","CRITICAL-TEXT","content: Text('Permission request sent to ${widget.ownerName}'),","UnsafeTextInterpolation"
"shared\widgets\events_widgets.dart","226","CRITICAL-BUILD","? displayProfiles[i].displayName![0].toUpperCase()","NullAssertionInBuild"
"shared\widgets\events_widgets.dart","309","CRITICAL-TEXT","SnackBar(content: Text('Error: $e')),","UnsafeTextInterpolation"
"shared\widgets\events_widgets.dart","337","CRITICAL-TEXT","SnackBar(content: Text('Error: $e')),","UnsafeTextInterpolation"
"shared\widgets\events_widgets.dart","355","CRITICAL-TEXT","SnackBar(content: Text('Error: $e')),","UnsafeTextInterpolation"
"shared\widgets\follow_button.dart","52","CRITICAL-TEXT","content: Text('Error: $e'),","UnsafeTextInterpolation"
"shared\widgets\friends_list_panel.dart","242","CRITICAL-SNAPSHOT","if (!friendsSnapshot.hasData || friendsSnapshot.data!.docs.isEmpty) {","SnapshotDataAssertion"
"shared\widgets\friends_list_panel.dart","246","CRITICAL-SNAPSHOT","final friendIds = friendsSnapshot.data!.docs.map((d) => d.id).toList();","SnapshotDataAssertion"
"shared\widgets\friends_list_panel.dart","260","CRITICAL-SNAPSHOT","var friends = usersSnapshot.data!.docs;","SnapshotDataAssertion"
"shared\widgets\friends_sidebar_widget.dart","311","CRITICAL-TEXT","content: Text('Opening chat with ${friend.name}'),","UnsafeTextInterpolation"
"shared\widgets\gift_selector.dart","54","CRITICAL-TEXT","Text('Sent $_selectedAmount coins to ${widget.receiverName}!'),","UnsafeTextInterpolation"
"shared\widgets\gift_selector.dart","64","CRITICAL-TEXT","content: Text('Failed to send tip: ${e.toString()}'),","UnsafeTextInterpolation"
"shared\widgets\gift_selector.dart","243","CRITICAL-TEXT","child: Text('Send $_selectedAmount Coins'),","UnsafeTextInterpolation"
"shared\widgets\groups_sidebar_widget.dart","263","CRITICAL-TEXT","content: Text('Opening group: ${group.name}'),","UnsafeTextInterpolation"
"shared\widgets\live_room_card.dart","66","CRITICAL-BUILD","final hostProfileAsync = ref.watch(userProfileProvider(widget.room!.hostId));","NullAssertionInBuild"
"shared\widgets\live_room_card.dart","70","CRITICAL-BUILD","return profile.displayName!;","NullAssertionInBuild"
"shared\widgets\monetization_widgets.dart","93","CRITICAL-TEXT","SnackBar(content: Text('Successfully purchased ${package['coins'] + package['bonus']} coins!')),","UnsafeTextInterpolation"
"shared\widgets\monetization_widgets.dart","99","CRITICAL-TEXT","SnackBar(content: Text('Purchase failed: $e')),","UnsafeTextInterpolation"
"shared\widgets\monetization_widgets.dart","523","CRITICAL-TEXT","SnackBar(content: Text('Successfully subscribed to ${plan['name']}!')),","UnsafeTextInterpolation"
"shared\widgets\monetization_widgets.dart","529","CRITICAL-TEXT","SnackBar(content: Text('Subscription failed: $e')),","UnsafeTextInterpolation"
"shared\widgets\permission_aware_video_view.dart","81","CRITICAL-TEXT","content: Text('Request sent. Waiting for ${widget.ownerName} to respond...'),","UnsafeTextInterpolation"
"shared\widgets\report_block_sheet.dart","188","CRITICAL-TEXT","Text('Reporting: $displayName'),","UnsafeTextInterpolation"
"shared\widgets\report_block_sheet.dart","275","CRITICAL-TEXT","content: Text('Reported $displayName successfully'),","UnsafeTextInterpolation"
"shared\widgets\report_block_sheet.dart","313","CRITICAL-TEXT","Text('Block $displayName?'),","UnsafeTextInterpolation"
"shared\widgets\report_block_sheet.dart","375","CRITICAL-TEXT","content: Text('Blocked $displayName successfully'),","UnsafeTextInterpolation"
"shared\widgets\report_block_sheet.dart","409","CRITICAL-TEXT","content: Text('Unblock $displayName? They will be able to contact you again.'),","UnsafeTextInterpolation"
"shared\widgets\report_block_sheet.dart","456","CRITICAL-TEXT","content: Text('Unblocked $displayName successfully'),","UnsafeTextInterpolation"
"shared\widgets\safe_avatar.dart","32","CRITICAL-BUILD","if (kIsWeb || photoUrl == null || photoUrl!.isEmpty) {","NullAssertionInBuild"
"shared\widgets\social_graph_widgets.dart","44","CRITICAL-TEXT","SnackBar(content: Text('Error: $e')),","UnsafeTextInterpolation"
"shared\widgets\social_graph_widgets.dart","318","CRITICAL-BUILD","user.displayName?.isNotEmpty == true ? user.displayName![0].toUpperCase() : '?',","NullAssertionInBuild"
"shared\widgets\tip_overlay.dart","309","CRITICAL-TEXT","content: Text('Sent $name to ${widget.receiverName}!'),","UnsafeTextInterpolation"
"shared\widgets\tip_overlay.dart","322","CRITICAL-TEXT","content: Text('Failed to send tip: ${e.toString()}'),","UnsafeTextInterpolation"
"shared\widgets\voice_room_controls.dart","364","CRITICAL-TEXT","SnackBar(content: Text('Error ending room: $e')),","UnsafeTextInterpolation"
"shared\widgets\voice_room_controls.dart","544","CRITICAL-TEXT","SnackBar(content: Text('Error leaving room: $e')),","UnsafeTextInterpolation"
"shared\widgets\voice_room_controls.dart","590","CRITICAL-TEXT","SnackBar(content: Text('Error granting turn: $e')),","UnsafeTextInterpolation"
"shared\widgets\voice_room_controls.dart","620","CRITICAL-TEXT","SnackBar(content: Text('Error ending turn: $e')),","UnsafeTextInterpolation"
"shared\widgets\voice_room_controls.dart","653","CRITICAL-TEXT","SnackBar(content: Text('Error: $e')),","UnsafeTextInterpolation"
"shared\widgets\voice_room_controls.dart","681","CRITICAL-TEXT","SnackBar(content: Text('Error granting turn: $e')),","UnsafeTextInterpolation"
"_disabled\speed_dating\speed_dating_page.dart","42","CRITICAL-TEXT","SnackBar(content: Text('Failed to load speed dating rounds: $e')),","UnsafeTextInterpolation"
"_disabled\speed_dating\speed_dating_page.dart","109","CRITICAL-TEXT","SnackBar(content: Text('Failed to submit response: $e')),","UnsafeTextInterpolation"
"_disabled\speed_dating\speed_dating_page.dart","148","CRITICAL-TEXT","SnackBar(content: Text('Failed to advance to next round: $e')),","UnsafeTextInterpolation"
"_disabled\speed_dating\speed_dating_page.dart","190","CRITICAL-TEXT","title: Text('Round ${_currentRound!.currentRound}/${_currentRound!.totalRounds}'),","UnsafeTextInterpolation"
"_disabled\speed_dating\speed_dating_room_page.dart","300","CRITICAL-TEXT",").showSnackBar(SnackBar(content: Text('Failed to toggle microphone: $e')));","UnsafeTextInterpolation"
"_disabled\speed_dating\speed_dating_room_page.dart","316","CRITICAL-TEXT",").showSnackBar(SnackBar(content: Text('Failed to toggle camera: $e')));","UnsafeTextInterpolation"
